Timestamp,Gender,Faculty,Arts Program,Bachelor  Academic Year in EU,Masters Academic Year in EU,H.S.C or Equivalent study medium,S.S.C (GPA),H.S.C (GPA),Did you ever attend a Coaching center?,Coaching center name,Benifits you received from the coaching center,1st Year Semester 1,1st Year Semester 2,1st Year Semester 3,2nd Year Semester 1,2nd Year Semester 2,2nd Year Semester 3,3rd Year Semester 1,3rd Year Semester 2,3rd Year Semester 3,4th Year Semester 1,4th Year Semester 2,4th Year Semester 3,Regular/Irregular,Classes are mostly,Area of Evaluation [Department provides comprehensive guidelines to the students in advance by means of a brochure/handbook    ],Area of Evaluation [Department ensures a conducive learning environment],Area of Evaluation [Academic decisions are taken with fairness and transparency],Area of Evaluation [	Academic calendar is maintained properly],Area of Evaluation [Results are published timely in compliance with the ordinance],Area of Evaluation [StudentsÂ’ opinion regarding academic and extra-academic matters are addressed properly],Area of Evaluation [Student feedback process is in practice],Area of Evaluation [Website is informative and updated properly],Area of Evaluation [Curriculum load is optimum and induces no pressure],Area of Evaluation [Courses in the curriculum from lower level to higher are properly arranged],Area of Evaluation [Teaching strategies are clearly stated in the curriculumsparency],Area of Evaluation [Assessment strategies are clearly stated in the curriculum ],Item [Teaching-learning is interactive and supportive ],Item [	Class size is optimum for interactive teaching learning],Item [	Modern devices are used to improve teaching-learning process],Item [Diverse methods are used to achieve learning objectives ],Item [Lesson plans/course outlines are provided in advance to the students ],Item [	All about assessment system are duly communicated to students on the commencement of the term/semester],Item [Assessment system meets the objectives of the course],Item [Diverse methods and tools are used for assessment.],Item [Assessment feedback is provided to the students immediately.],Item [The questions of examinations reflect the content of the course.],"Item [	Both formative (quizzes, assignments, term papers, continuous assessments, presentations etc.) and summative assessment (final examination only) strategies are followed.]",Item [Admission policy ensures entry of quality students.],Item [Admission procedure is quite fair],Item [Sincerity and commitment of the students exist to ensure desired progress and achievement.],Item [Overall classroom facilities are suitable for ensuring effective learning.],Item [Laboratories facilities are suitable for practical teaching-learning and research],Item [The library has adequate up-to-date reading and reference materials to meet the academic & research needs ],Item [Internet facilities with sufficient speed are available],Item [Adequate indoor and outdoor medical facilities are available],Item [Adequate indoor and outdoor game facilities are available],Item [Existing gymnasium facilities are good enough],Item [Adequate safety measures are available],Item [There is an arrangement to provide guidance and counseling. ],Item [Mentoring is done to take care of the students],Item [Scholarships/ grants available to students in case of hardship],Item [Students are encouraged to involve in co- curricular and extra-curricular activities],Item [Alumni are organized and supportive.],Item [Supporting staff are adequate and co-operative],Item [There are opportunities to get involve with community services],Item [The department has a research and development policy ],Item [Mechanism exists for engaging the students in research and development],"Item [Research findings in the form of theses, publications and monographs are properly used in current teaching-learning]",Item [The department has a community service policy ],Q1 [What was your expectation about the University as related to quality of education?],Q2 [What was your expectation about the University as related to quality of Faculty?],Q3 [What was your expectation about the University as related to quality of resources?],Q4 [What was your expectation about the University as related to quality of learning environment?],Q5 [To what extent your expectation was met?],Q6 [What are the best aspects of the program?],"Q7. In your opinion,the best aspect of the program is","Q8. In your opinion,the next best aspect of the program is",What aspects of the program could be improved?,Do you feel that the quality of education improved at EU over the last year?,Do you feel that the image of the University improved over the last year?,Username
1/25/2016 14:37,Male,Arts,B.A. in English,3rd Year,,Bangla Medium,4.88,4.4,No,,,3.0,2.85,2.89,2.85,2.84,2.83,2.84,2.85,2.81,,,,0.0,Lecture & Discussion,5.0,5.0,5.0,5.0,5.0,5.0,5.0,5.0,5.0,5.0,5.0,5.0,5.0,4.0,5.0,5.0,5.0,5.0,5.0,5.0,5.0,5.0,5.0,5.0,5.0,4.0,5.0,3.0,5.0,2.0,4.0,4.0,3.0,5.0,5.0,5.0,5.0,5.0,5.0,5.0,5.0,5.0,5.0,5.0,5.0,5.0,5.0,4.0,4.0,5.0,5.0,Teaching/Learning,Teaching/Learning,Teaching/Learning,Yes,Yes,
1/25/2016 14:38,Female,Arts,B.A. in English,4th Year,,Bangla Medium,4.56,4.5,No,,,2.66,2.68,2.68,2.63,2.57,2.58,2.58,2.59,2.61,2.6,,,0.0,,4.0,5.0,4.0,4.0,4.0,5.0,4.0,5.0,4.0,4.0,5.0,5.0,5.0,4.0,4.0,4.0,4.0,5.0,4.0,3.0,3.0,4.0,5.0,5.0,4.0,5.0,5.0,5.0,4.0,4.0,4.0,4.0,4.0,4.0,5.0,5.0,5.0,4.0,4.0,4.0,4.0,5.0,3.0,3.0,3.0,5.0,4.0,4.0,4.0,5.0,5.0,Faculty,Faculty,Teaching/Learning,Yes,Yes,
1/25/2016 14:40,Male,Arts,B.A. in English,3rd Year,,Bangla Medium,4.25,3.0,No,,,2.05,1.89,2.41,2.43,2.16,2.34,2.21,2.24,2.31,,,,0.0,Lecture & Discussion,4.0,5.0,5.0,5.0,5.0,5.0,5.0,5.0,4.0,5.0,5.0,5.0,4.0,5.0,5.0,5.0,,5.0,4.0,5.0,4.0,5.0,5.0,4.0,3.0,3.0,5.0,4.0,4.0,5.0,5.0,5.0,4.0,5.0,5.0,4.0,4.0,4.0,5.0,5.0,5.0,5.0,4.0,5.0,4.0,5.0,5.0,4.0,4.0,5.0,3.0,Teaching/Learning,Teaching/Learning,Faculty,Yes,Yes,
1/25/2016 14:43,Male,Arts,B.A. in English,3rd Year,,Bangla Medium,3.38,3.6,No,,,1.14,1.45,2.23,2.39,2.08,2.19,2.19,2.24,,,,,0.0,Lecture & Discussion,5.0,5.0,5.0,5.0,5.0,5.0,5.0,5.0,5.0,5.0,5.0,5.0,5.0,5.0,5.0,5.0,5.0,5.0,5.0,5.0,5.0,5.0,5.0,5.0,4.0,5.0,5.0,5.0,5.0,2.0,3.0,4.0,4.0,4.0,4.0,5.0,4.0,5.0,4.0,5.0,4.0,4.0,4.0,4.0,5.0,5.0,5.0,4.0,3.0,4.0,5.0,Teaching/Learning,Teaching/Learning,Teaching/Learning,Yes,Yes,
1/25/2016 14:45,Female,Arts,B.A. in English,4th Year,,Bangla Medium,5.0,4.7,Yes,Ratina medical coaching center,It increased my desire to learn,3.75,3.75,3.77,3.76,3.79,3.8,3.79,3.77,3.77,,,,0.0,Lecture & Discussion,5.0,5.0,5.0,5.0,4.0,5.0,5.0,4.0,5.0,5.0,4.0,4.0,5.0,5.0,5.0,5.0,5.0,5.0,4.0,5.0,5.0,5.0,5.0,4.0,5.0,5.0,5.0,5.0,5.0,4.0,5.0,5.0,5.0,5.0,5.0,5.0,5.0,5.0,5.0,4.0,5.0,5.0,4.0,5.0,5.0,5.0,5.0,4.0,4.0,3.0,2.0,Teaching/Learning,Faculty,Overall learning environment,Yes,Yes,
1/25/2016 14:47,Female,Arts,B.A. in English,4th Year,,Bangla Medium,4.44,4.4,No,,,3.7,3.38,3.42,3.45,3.48,3.5,3.47,3.45,3.43,,,,0.0,Lecture & Discussion,5.0,5.0,4.0,5.0,5.0,5.0,5.0,5.0,5.0,4.0,5.0,5.0,5.0,5.0,5.0,5.0,4.0,5.0,5.0,5.0,5.0,5.0,5.0,5.0,4.0,5.0,5.0,5.0,5.0,5.0,5.0,5.0,5.0,5.0,5.0,4.0,5.0,5.0,5.0,5.0,4.0,5.0,4.0,5.0,5.0,5.0,5.0,3.0,4.0,5.0,5.0,Faculty,Overall learning environment,Faculty,Yes,Yes,
1/25/2016 14:47,Female,Arts,B.A. in English,3rd Year,,Bangla Medium,2.75,3.1,Yes,ucc,It prepared me better for the exam,2.8,2.78,2.82,2.8,2.79,2.79,2.72,2.73,2.71,,,,0.0,Lecture & Discussion,5.0,4.0,5.0,4.0,5.0,5.0,5.0,5.0,5.0,4.0,5.0,5.0,5.0,4.0,4.0,5.0,4.0,5.0,5.0,5.0,5.0,5.0,5.0,5.0,4.0,5.0,5.0,4.0,5.0,2.0,3.0,4.0,4.0,3.0,5.0,4.0,2.0,3.0,4.0,5.0,4.0,5.0,4.0,5.0,4.0,4.0,5.0,3.0,4.0,4.0,5.0,Teaching/Learning,Teaching/Learning,Teaching/Learning,Yes,Yes,
1/25/2016 14:51,Female,Arts,B.A. in English,2nd Year,,Bangla Medium,4.06,3.6,Yes,saifur's ,It improved my understanding of subject matter,2.64,2.67,2.7,2.49,2.47,,,,,,,,0.0,Lecture & Discussion,5.0,5.0,5.0,5.0,5.0,5.0,5.0,5.0,5.0,5.0,5.0,5.0,5.0,5.0,5.0,5.0,5.0,5.0,5.0,5.0,5.0,5.0,5.0,5.0,5.0,5.0,5.0,5.0,5.0,5.0,5.0,5.0,5.0,5.0,5.0,5.0,5.0,5.0,5.0,5.0,5.0,5.0,5.0,5.0,5.0,5.0,5.0,4.0,4.0,5.0,5.0,Faculty,Faculty,Faculty,Yes,Yes,
1/25/2016 14:53,Male,Arts,B.A. in English,2nd Year,,Bangla Medium,4.13,4.4,Yes,"sunrise coaching center, farmget.",It prepared me better for the exam,2.73,2.84,2.96,2.93,2.92,,,,,,,,0.0,"Lecture,Discussion & Practical Lab",5.0,5.0,5.0,5.0,5.0,5.0,5.0,5.0,5.0,5.0,5.0,5.0,5.0,5.0,5.0,5.0,5.0,5.0,5.0,5.0,5.0,5.0,5.0,5.0,5.0,5.0,5.0,5.0,5.0,5.0,5.0,5.0,5.0,5.0,5.0,5.0,5.0,5.0,5.0,5.0,5.0,5.0,5.0,5.0,5.0,5.0,5.0,4.0,4.0,4.0,5.0,Resources,Resources,Resources,Yes,Yes,
1/25/2016 14:59,Female,Arts,B.A. in English,2nd Year,,Bangla Medium,4.5,4.9,Yes,uni aid coaching,It prepared me better for the exam,3.07,3.13,3.34,3.29,,,,,,,,,0.0,"Lecture,Discussion & Practical Lab",5.0,5.0,5.0,5.0,5.0,5.0,5.0,5.0,5.0,5.0,5.0,,5.0,5.0,5.0,5.0,5.0,5.0,5.0,5.0,5.0,5.0,5.0,5.0,5.0,5.0,5.0,5.0,5.0,5.0,5.0,5.0,5.0,5.0,5.0,5.0,5.0,5.0,5.0,5.0,5.0,5.0,5.0,5.0,5.0,5.0,5.0,4.0,4.0,4.0,4.0,Resources,Resources,Resources,Yes,Yes,
1/25/2016 15:06,Female,Arts,B.A. in English,3rd Year,,Bangla Medium,4.88,4.6,Yes,MABS Coaching center ,It prepared me better for the exam,3.75,3.61,3.49,3.52,3.38,3.34,3.14,,,,,,0.0,Lecture & Discussion,5.0,4.0,5.0,4.0,4.0,4.0,4.0,3.0,4.0,5.0,5.0,4.0,5.0,5.0,5.0,4.0,4.0,4.0,5.0,5.0,4.0,5.0,5.0,4.0,4.0,5.0,4.0,3.0,3.0,3.0,3.0,3.0,1.0,4.0,5.0,4.0,5.0,4.0,4.0,4.0,3.0,3.0,3.0,3.0,3.0,5.0,4.0,3.0,3.0,3.0,5.0,Faculty,Teaching/Learning,Resources,Yes,Yes,
1/25/2016 15:07,Female,Arts,B.A. in English,3rd Year,,Bangla Medium,4.81,5.0,Yes,Udvash,It improved my understanding of subject matter,3.58,3.48,3.48,3.4,3.4,3.43,3.4,3.37,,,,,0.0,Lecture & Discussion,5.0,4.0,5.0,5.0,5.0,4.0,5.0,3.0,4.0,4.0,5.0,5.0,4.0,4.0,5.0,5.0,5.0,4.0,5.0,5.0,5.0,4.0,4.0,5.0,5.0,4.0,4.0,3.0,4.0,2.0,4.0,3.0,3.0,4.0,4.0,4.0,5.0,5.0,5.0,4.0,5.0,4.0,4.0,5.0,5.0,4.0,3.0,2.0,3.0,3.0,3.0,Teaching/Learning,Faculty,"Faculty, Resources, Overall learning environment",Yes,No,
1/25/2016 15:08,Male,Arts,B.A. in English,2nd Year,,Bangla Medium,3.81,4.0,Yes,Unaid,It improved my understanding of subject matter,2.7,3.03,2.82,2.81,2.74,,,,,,,,0.0,"Lecture,Discussion & Practical Lab",4.0,4.0,4.0,4.0,5.0,4.0,4.0,5.0,5.0,4.0,4.0,5.0,5.0,4.0,4.0,5.0,5.0,4.0,4.0,4.0,5.0,5.0,4.0,5.0,4.0,5.0,5.0,4.0,4.0,5.0,5.0,4.0,4.0,4.0,5.0,4.0,3.0,4.0,4.0,4.0,3.0,4.0,5.0,3.0,4.0,5.0,4.0,3.0,4.0,4.0,3.0,Teaching/Learning,Resources,Resources,Yes,Yes,
1/25/2016 15:11,Female,Arts,B.A. in English,2nd Year,,Bangla Medium,3.75,3.7,Yes,ucc,It improved my understanding of subject matter,1.64,1.83,2.06,2.36,2.4,2.42,,,,,,,0.0,Lecture & Discussion,5.0,5.0,5.0,4.0,5.0,4.0,4.0,5.0,5.0,5.0,4.0,5.0,5.0,4.0,5.0,5.0,5.0,5.0,4.0,5.0,4.0,5.0,4.0,4.0,5.0,5.0,5.0,4.0,5.0,4.0,5.0,4.0,5.0,4.0,5.0,4.0,5.0,4.0,5.0,4.0,5.0,4.0,5.0,4.0,5.0,5.0,5.0,3.0,4.0,4.0,3.0,Teaching/Learning,Teaching/Learning,Overall learning environment,Yes,Yes,
1/25/2016 15:13,Female,Arts,B.A. in English,2nd Year,,Bangla Medium,4.1,4.0,Yes,apex,It prepared me better for the exam,2.45,2.83,2.41,2.67,2.68,2.72,,,,,,,0.0,Lecture & Discussion,4.0,4.0,3.0,5.0,5.0,4.0,2.0,4.0,4.0,5.0,4.0,5.0,5.0,5.0,4.0,3.0,5.0,4.0,4.0,5.0,4.0,5.0,1.0,5.0,4.0,5.0,5.0,5.0,5.0,4.0,4.0,4.0,5.0,4.0,4.0,4.0,5.0,5.0,5.0,4.0,4.0,1.0,3.0,4.0,4.0,5.0,5.0,2.0,3.0,5.0,3.0,Teaching/Learning,Teaching/Learning,Overall learning environment,Yes,Yes,
1/25/2016 15:13,Female,Arts,B.A. in English,3rd Year,,Bangla Medium,4.19,4.7,Yes,,It prepared me better for the exam,3.59,3.65,3.57,3.59,3.57,3.57,3.54,,,,,,0.0,Lecture & Discussion,4.0,4.0,3.0,5.0,5.0,2.0,5.0,2.0,4.0,5.0,4.0,5.0,2.0,5.0,5.0,4.0,5.0,4.0,5.0,5.0,5.0,4.0,5.0,5.0,4.0,4.0,5.0,4.0,1.0,4.0,2.0,1.0,1.0,1.0,4.0,5.0,3.0,4.0,5.0,5.0,4.0,2.0,4.0,5.0,4.0,5.0,3.0,1.0,4.0,3.0,5.0,Faculty,Teaching/Learning,Resources,No,No,
1/25/2016 15:30,Female,Arts,B.A. in English,2nd Year,,Bangla Medium,3.81,3.3,Yes,Udvash,"It prepared me better for the exam, It improved my understanding of subject matter, It increased my desire to learn",3.16,3.56,3.54,3.55,3.55,3.57,,,,,,,0.0,Lecture & Discussion,4.0,4.0,1.0,4.0,4.0,5.0,5.0,5.0,3.0,4.0,5.0,4.0,4.0,5.0,5.0,5.0,5.0,1.0,2.0,4.0,4.0,5.0,4.0,2.0,5.0,1.0,5.0,5.0,5.0,1.0,5.0,4.0,4.0,4.0,4.0,2.0,4.0,5.0,3.0,5.0,4.0,2.0,1.0,1.0,4.0,5.0,3.0,3.0,3.0,3.0,5.0,Faculty,Teaching/Learning,Teaching/Learning,No,Yes,
1/25/2016 15:30,Female,Arts,B.A. in English,2nd Year,,Bangla Medium,5.0,4.75,Yes,"E. Haque
S@ifurs","It prepared me better for the exam, It improved my understanding of subject matter, It increased my desire to learn",3.75,3.78,3.79,3.8,3.78,,,,,,,,0.0,Lecture & Discussion,1.0,2.0,2.0,4.0,5.0,2.0,2.0,1.0,3.0,4.0,5.0,4.0,4.0,5.0,5.0,5.0,4.0,2.0,3.0,4.0,4.0,5.0,3.0,2.0,5.0,1.0,5.0,5.0,5.0,1.0,4.0,2.0,2.0,1.0,4.0,2.0,4.0,4.0,3.0,5.0,4.0,2.0,4.0,1.0,3.0,4.0,4.0,3.0,3.0,3.0,5.0,Faculty,Teaching/Learning,"Faculty, Teaching/Learning, Overall learning environment",No,Yes,
1/25/2016 16:03,Female,Arts,B.A. in English,2nd Year,,Bangla Medium,3.5,3.3,No,,,1.18,1.53,1.49,2.01,2.23,,,,,,,,0.0,Lecture based,,4.0,5.0,4.0,5.0,4.0,5.0,4.0,5.0,5.0,4.0,5.0,4.0,5.0,5.0,4.0,4.0,5.0,5.0,4.0,5.0,5.0,4.0,5.0,5.0,4.0,5.0,,2.0,2.0,4.0,5.0,,,5.0,4.0,2.0,5.0,3.0,4.0,3.0,4.0,4.0,4.0,4.0,,4.0,3.0,3.0,3.0,2.0,Teaching/Learning,Resources,"Resources, Teaching/Learning",Yes,Yes,
1/26/2016 13:52,Female,Arts,B.A. in English,1st Year,,Bangla Medium,3.05,3.35,Yes,e.haq coaching center,"It prepared me better for the exam, It improved my GPA Score, It improved my understanding of subject matter",3.57,3.57,,,,,,,,,,,0.0,Lecture & Discussion,4.0,4.0,4.0,3.0,5.0,5.0,3.0,4.0,4.0,4.0,3.0,4.0,4.0,5.0,5.0,4.0,5.0,4.0,4.0,2.0,4.0,5.0,5.0,3.0,4.0,4.0,5.0,4.0,4.0,4.0,3.0,4.0,3.0,4.0,5.0,4.0,5.0,5.0,3.0,4.0,4.0,3.0,4.0,4.0,3.0,4.0,4.0,2.0,2.0,4.0,5.0,Faculty,Teaching/Learning,Overall learning environment,Yes,Yes,
1/26/2016 14:07,Female,Arts,B.A. in English,1st Year,,Bangla Medium,5.0,4.7,Yes,UCC,It increased my desire to learn,3.82,3.7,,,,,,,,,,,0.0,Lecture & Discussion,5.0,4.0,4.0,5.0,5.0,4.0,3.0,4.0,2.0,4.0,4.0,5.0,4.0,4.0,5.0,4.0,5.0,4.0,5.0,2.0,2.0,5.0,4.0,2.0,2.0,3.0,5.0,4.0,3.0,4.0,5.0,5.0,3.0,4.0,5.0,4.0,5.0,5.0,3.0,4.0,4.0,2.0,2.0,3.0,3.0,4.0,4.0,2.0,2.0,4.0,5.0,Faculty,Teaching/Learning,"Resources, Teaching/Learning, Overall learning environment",Yes,Yes,
1/26/2016 14:13,Female,Arts,B.A. in English,1st Year,,Bangla Medium,5.0,4.0,Yes,renasa,It prepared me better for the exam,3.11,3.41,,,,,,,,,,,0.0,Lecture & Discussion,4.0,5.0,5.0,5.0,5.0,4.0,4.0,5.0,5.0,4.0,4.0,5.0,5.0,4.0,5.0,5.0,5.0,5.0,5.0,5.0,5.0,4.0,5.0,4.0,4.0,4.0,5.0,5.0,4.0,5.0,3.0,5.0,3.0,5.0,4.0,4.0,3.0,5.0,4.0,5.0,5.0,5.0,3.0,4.0,5.0,4.0,4.0,3.0,3.0,3.0,3.0,Teaching/Learning,Teaching/Learning,Faculty,,,
1/26/2016 14:16,Female,Arts,B.A. in English,1st Year,,Bangla Medium,5.0,5.0,Yes,MAAK Coaching,It prepared me better for the exam,3.34,3.6,,,,,,,,,,,0.0,Lecture & Discussion,5.0,5.0,5.0,5.0,5.0,5.0,5.0,5.0,4.0,4.0,5.0,5.0,5.0,5.0,5.0,5.0,5.0,5.0,5.0,4.0,4.0,5.0,5.0,4.0,5.0,4.0,5.0,4.0,4.0,5.0,3.0,5.0,3.0,5.0,5.0,5.0,3.0,5.0,5.0,5.0,5.0,5.0,3.0,4.0,5.0,5.0,4.0,3.0,3.0,4.0,2.0,Faculty,Overall learning environment,Resources,,,
1/26/2016 14:16,Female,Arts,B.A. in English,1st Year,,Bangla Medium,5.0,4.8,No,,,3.11,3.09,,,,,,,,,,,0.0,Lecture & Discussion,4.0,5.0,5.0,5.0,5.0,4.0,5.0,5.0,4.0,4.0,5.0,5.0,5.0,5.0,5.0,5.0,5.0,5.0,5.0,5.0,4.0,5.0,5.0,5.0,5.0,5.0,5.0,4.0,4.0,4.0,3.0,4.0,3.0,5.0,5.0,5.0,5.0,5.0,5.0,5.0,4.0,5.0,5.0,4.0,5.0,5.0,4.0,3.0,4.0,3.0,2.0,Faculty,Overall learning environment,Overall learning environment,,,
1/26/2016 14:16,Female,Arts,,,,Bangla Medium,4.5,4.3,No,,,2.68,2.59,,,,,,,,,,,0.0,Lecture & Discussion,5.0,5.0,5.0,5.0,5.0,4.0,5.0,5.0,5.0,4.0,5.0,4.0,5.0,5.0,4.0,3.0,5.0,3.0,4.0,3.0,4.0,4.0,5.0,2.0,4.0,3.0,5.0,4.0,5.0,4.0,4.0,3.0,3.0,5.0,5.0,5.0,4.0,4.0,3.0,4.0,5.0,4.0,3.0,3.0,4.0,5.0,4.0,4.0,4.0,4.0,2.0,Teaching/Learning,Overall learning environment,Overall learning environment,,,
1/26/2016 14:17,Female,Arts,,,,Bangla Medium,3.25,3.5,No,,,1.45,0.84,,,,,,,,,,,0.0,Lecture & Discussion,4.0,4.0,5.0,5.0,4.0,5.0,5.0,5.0,4.0,5.0,4.0,4.0,3.0,3.0,5.0,3.0,5.0,3.0,5.0,3.0,4.0,5.0,2.0,3.0,3.0,3.0,4.0,5.0,5.0,4.0,3.0,5.0,3.0,4.0,3.0,4.0,3.0,4.0,3.0,3.0,4.0,4.0,4.0,3.0,3.0,4.0,3.0,3.0,3.0,4.0,3.0,Other,Faculty,Teaching/Learning,Yes,Yes,
1/26/2016 14:36,Female,Arts,B.A. in English,1st Year,,Bangla Medium,5.0,4.2,Yes,UCC,It prepared me better for the exam,3.77,3.85,,,,,,,,,,,0.0,Lecture & Discussion,5.0,4.0,5.0,5.0,5.0,5.0,4.0,5.0,4.0,4.0,4.0,4.0,4.0,4.0,5.0,4.0,4.0,5.0,5.0,5.0,5.0,5.0,5.0,4.0,5.0,5.0,5.0,5.0,4.0,2.0,3.0,2.0,2.0,4.0,4.0,5.0,4.0,5.0,5.0,5.0,5.0,5.0,5.0,4.0,5.0,5.0,4.0,2.0,2.0,5.0,3.0,Teaching/Learning,Overall learning environment,"Faculty, Resources, Teaching/Learning, Overall learning environment, Other",Yes,Yes,
1/26/2016 14:38,Male,Arts,B.A. in English,1st Year,,Bangla Medium,4.69,3.4,No,,,3.07,3.05,,,,,,,,,,,0.0,Lecture & Discussion,4.0,5.0,4.0,4.0,4.0,4.0,4.0,4.0,4.0,4.0,5.0,4.0,5.0,4.0,4.0,4.0,5.0,5.0,5.0,4.0,5.0,5.0,5.0,4.0,3.0,4.0,4.0,4.0,4.0,4.0,5.0,5.0,2.0,3.0,5.0,5.0,5.0,5.0,4.0,4.0,4.0,4.0,5.0,5.0,4.0,5.0,3.0,3.0,3.0,4.0,3.0,Faculty,Teaching/Learning,Overall learning environment,,,
1/26/2016 14:40,Male,Arts,B.A. in English,4th Year,,Bangla Medium,4.06,4.9,No,,,2.45,2.58,,,,,,,,,,,0.0,"Lecture,Discussion & Practical Lab",5.0,4.0,4.0,5.0,4.0,5.0,4.0,4.0,5.0,4.0,5.0,5.0,5.0,5.0,5.0,5.0,4.0,4.0,4.0,4.0,5.0,4.0,4.0,4.0,5.0,4.0,4.0,4.0,3.0,1.0,3.0,3.0,4.0,4.0,4.0,5.0,3.0,3.0,3.0,3.0,3.0,3.0,3.0,3.0,4.0,1.0,4.0,4.0,4.0,4.0,4.0,Teaching/Learning,Overall learning environment,Faculty,,,
1/26/2016 14:40,Female,Arts,B.A. in English,1st Year,,Bangla Medium,4.5,5.0,No,,,3.59,3.64,,,,,,,,,,,0.0,"Lecture,Discussion & Practical Lab",5.0,4.0,3.0,5.0,5.0,3.0,4.0,2.0,5.0,5.0,4.0,4.0,5.0,5.0,3.0,2.0,5.0,5.0,5.0,3.0,5.0,5.0,4.0,3.0,4.0,3.0,5.0,1.0,4.0,1.0,3.0,5.0,1.0,5.0,5.0,5.0,1.0,5.0,3.0,4.0,4.0,5.0,5.0,4.0,4.0,5.0,5.0,4.0,4.0,3.0,5.0,Faculty,Teaching/Learning,Resources,,,
1/26/2016 14:41,Female,Arts,B.A. in English,1st Year,,Bangla Medium,3.75,4.0,Yes,Porar Ghor,It improved my understanding of subject matter,2.86,3.13,,,,,,,,,,,0.0,"Lecture,Discussion & Practical Lab",4.0,5.0,4.0,5.0,5.0,2.0,4.0,4.0,4.0,5.0,4.0,4.0,4.0,5.0,5.0,4.0,4.0,4.0,4.0,5.0,4.0,5.0,4.0,4.0,5.0,4.0,4.0,4.0,4.0,3.0,4.0,5.0,4.0,5.0,4.0,5.0,3.0,5.0,4.0,5.0,4.0,4.0,5.0,4.0,3.0,4.0,3.0,2.0,2.0,4.0,5.0,Faculty,Teaching/Learning,Resources,,,
1/26/2016 14:42,Female,Arts,B.A. in English,1st Year,,Bangla Medium,4.56,3.69,Yes,udvash,"It prepared me better for the exam, It improved my understanding of subject matter, It increased my desire to learn, It allow me to make good friends",2.48,2.63,,,,,,,,,,,0.0,Lecture & Lab,5.0,5.0,5.0,5.0,5.0,5.0,5.0,4.0,4.0,5.0,5.0,5.0,5.0,5.0,5.0,5.0,5.0,5.0,5.0,5.0,5.0,5.0,5.0,5.0,5.0,5.0,5.0,5.0,5.0,5.0,5.0,5.0,5.0,5.0,5.0,5.0,5.0,5.0,5.0,5.0,5.0,5.0,5.0,5.0,5.0,5.0,5.0,4.0,4.0,5.0,5.0,Faculty,Other,Resources,,,
1/26/2016 14:43,Female,Arts,B.A. in English,1st Year,,Bangla Medium,5.0,4.7,No,,,2.86,2.9,,,,,,,,,,,0.0,"Lecture,Discussion & Practical Lab",4.0,4.0,4.0,5.0,4.0,4.0,5.0,4.0,4.0,4.0,5.0,4.0,5.0,4.0,4.0,5.0,4.0,5.0,4.0,4.0,4.0,4.0,4.0,5.0,4.0,5.0,5.0,5.0,4.0,1.0,4.0,4.0,4.0,5.0,5.0,3.0,3.0,4.0,4.0,,3.0,5.0,5.0,4.0,4.0,5.0,4.0,4.0,3.0,5.0,5.0,Teaching/Learning,Faculty,Overall learning environment,,,
1/26/2016 16:22,Female,Arts,B.A. in English,2nd Year,,Bangla Medium,4.94,4.2,No,,,2.77,3.08,3.2,3.23,,,,,,,,,0.0,"Lecture,Discussion & Practical Lab",5.0,5.0,5.0,5.0,5.0,5.0,5.0,5.0,5.0,5.0,5.0,5.0,5.0,4.0,5.0,5.0,5.0,5.0,5.0,5.0,5.0,5.0,5.0,5.0,5.0,5.0,5.0,5.0,5.0,3.0,5.0,5.0,3.0,4.0,5.0,5.0,5.0,5.0,5.0,5.0,5.0,5.0,5.0,5.0,5.0,5.0,4.0,4.0,4.0,4.0,3.0,Teaching/Learning,Overall learning environment,Other,Yes,Yes,
1/26/2016 16:22,Female,Arts,B.A. in English,2nd Year,,Bangla Medium,3.38,3.7,No,,,3.2,3.36,3.44,3.38,,,,,,,,,0.0,"Lecture,Discussion & Practical Lab",5.0,5.0,5.0,5.0,5.0,5.0,5.0,5.0,5.0,5.0,5.0,5.0,5.0,5.0,5.0,5.0,5.0,5.0,5.0,5.0,5.0,5.0,5.0,5.0,5.0,5.0,5.0,5.0,5.0,5.0,4.0,4.0,3.0,4.0,5.0,5.0,5.0,5.0,5.0,5.0,5.0,5.0,5.0,5.0,5.0,5.0,4.0,3.0,3.0,4.0,3.0,Teaching/Learning,Overall learning environment,Other,Yes,Yes,
1/26/2016 16:32,Male,Arts,B.A. in English,2nd Year,,Bangla Medium,5.0,5.0,Yes,Focus Couching centre,"It prepared me better for the exam, It improved my understanding of subject matter",3.46,3.45,3.47,3.46,,3.5,,,,,,,0.0,"Lecture,Discussion & Practical Lab",5.0,4.0,5.0,4.0,5.0,4.0,5.0,5.0,5.0,4.0,4.0,5.0,5.0,5.0,5.0,4.0,5.0,4.0,5.0,5.0,5.0,5.0,5.0,4.0,4.0,5.0,5.0,5.0,4.0,4.0,3.0,2.0,1.0,4.0,5.0,4.0,5.0,5.0,3.0,5.0,5.0,5.0,4.0,5.0,4.0,5.0,5.0,3.0,4.0,4.0,5.0,Teaching/Learning,Faculty,Faculty,Yes,Yes,
1/26/2016 17:02,Male,Arts,B.A. in English,1st Year,,Bangla Medium,4.63,3.4,Yes,u.u.c,It prepared me better for the exam,3.46,3.45,3.47,3.43,,,,,,,,,0.0,Lecture & Discussion,4.0,4.0,4.0,4.0,4.0,4.0,4.0,5.0,4.0,4.0,4.0,4.0,4.0,4.0,4.0,4.0,5.0,,5.0,5.0,5.0,4.0,5.0,4.0,4.0,4.0,4.0,4.0,4.0,5.0,5.0,5.0,5.0,5.0,5.0,5.0,4.0,5.0,4.0,4.0,4.0,4.0,4.0,,5.0,5.0,4.0,4.0,4.0,4.0,5.0,Faculty,Faculty,"Faculty, Teaching/Learning, Overall learning environment",Yes,Yes,
1/26/2016 17:10,Female,Arts,B.A. in English,2nd Year,,Bangla Medium,4.65,4.8,No,,,2.5,2.45,2.55,2.54,,,,,,,,,0.0,Lecture & Discussion,5.0,5.0,5.0,5.0,5.0,5.0,5.0,5.0,5.0,5.0,5.0,5.0,5.0,4.0,3.0,5.0,5.0,5.0,5.0,4.0,5.0,5.0,5.0,5.0,5.0,5.0,5.0,4.0,5.0,5.0,5.0,5.0,5.0,5.0,5.0,5.0,5.0,5.0,5.0,5.0,5.0,5.0,4.0,5.0,5.0,5.0,5.0,3.0,4.0,5.0,5.0,Teaching/Learning,Teaching/Learning,Overall learning environment,Yes,Yes,
1/26/2016 17:10,Female,Arts,B.A. in English,2nd Year,,Bangla Medium,5.0,4.4,Yes,udvash,It improved my understanding of subject matter,3.59,3.64,3.69,3.69,,,,,,,,,0.0,"Lecture,Discussion & Practical Lab",4.0,5.0,5.0,5.0,5.0,5.0,5.0,5.0,5.0,5.0,5.0,5.0,5.0,5.0,5.0,5.0,5.0,5.0,5.0,5.0,5.0,5.0,5.0,5.0,5.0,5.0,5.0,5.0,5.0,5.0,5.0,5.0,5.0,5.0,5.0,5.0,5.0,5.0,5.0,5.0,5.0,5.0,5.0,5.0,5.0,5.0,3.0,2.0,2.0,4.0,2.0,Teaching/Learning,Faculty,Resources,Yes,Yes,
1/26/2016 17:12,Female,Arts,B.A. in English,2nd Year,,Bangla Medium,3.32,3.5,Yes,UCC,It improved my GPA Score,2.5,2.14,2.47,2.41,,,,,,,,,0.0,Lecture & Discussion,5.0,5.0,5.0,5.0,5.0,5.0,5.0,5.0,5.0,5.0,5.0,5.0,5.0,5.0,5.0,5.0,5.0,5.0,5.0,5.0,5.0,5.0,5.0,5.0,5.0,5.0,5.0,5.0,5.0,5.0,5.0,5.0,5.0,5.0,5.0,5.0,5.0,5.0,5.0,5.0,5.0,5.0,5.0,5.0,5.0,4.0,4.0,4.0,4.0,5.0,5.0,Faculty,Teaching/Learning,Teaching/Learning,Yes,Yes,
1/26/2016 17:12,Female,Arts,B.A. in English,2nd Year,,Bangla Medium,5.0,3.5,Yes,ucc,It prepared me better for the exam,3.39,3.36,3.46,3.46,3.43,,,,,,,,0.0,"Lecture,Discussion & Practical Lab",5.0,5.0,5.0,5.0,4.0,5.0,4.0,5.0,5.0,5.0,4.0,4.0,5.0,4.0,5.0,5.0,4.0,5.0,5.0,5.0,4.0,5.0,5.0,5.0,5.0,5.0,5.0,4.0,5.0,5.0,5.0,5.0,5.0,5.0,5.0,5.0,5.0,5.0,4.0,5.0,5.0,5.0,5.0,5.0,5.0,5.0,5.0,4.0,4.0,5.0,5.0,Teaching/Learning,Faculty,Resources,Yes,Yes,
1/26/2016 17:13,Male,Arts,B.A. in English,2nd Year,,Bangla Medium,4.38,4.86,Yes,Saifors,It prepared me better for the exam,2.95,3.25,3.27,3.3,,,,,,,,,0.0,"Lecture,Discussion & Practical Lab",5.0,5.0,5.0,5.0,5.0,5.0,4.0,5.0,4.0,4.0,4.0,4.0,5.0,5.0,5.0,5.0,5.0,5.0,3.0,4.0,5.0,5.0,5.0,4.0,2.0,5.0,5.0,5.0,5.0,4.0,4.0,2.0,1.0,3.0,5.0,5.0,4.0,4.0,4.0,5.0,5.0,5.0,5.0,5.0,5.0,4.0,5.0,4.0,3.0,4.0,3.0,Teaching/Learning,Faculty,Resources,Yes,Yes,
1/26/2016 17:13,Female,Arts,B.A. in English,2nd Year,,Bangla Medium,4.38,4.5,Yes,success ,It prepared me better for the exam,3.0,3.13,3.21,3.2,,,,,,,,,0.0,"Lecture,Discussion & Practical Lab",5.0,5.0,5.0,5.0,5.0,5.0,5.0,5.0,5.0,5.0,5.0,5.0,5.0,5.0,5.0,5.0,5.0,5.0,5.0,5.0,5.0,5.0,5.0,5.0,5.0,5.0,5.0,5.0,5.0,5.0,5.0,5.0,5.0,5.0,5.0,5.0,5.0,5.0,5.0,5.0,5.0,5.0,5.0,5.0,5.0,4.0,4.0,4.0,4.0,4.0,5.0,Teaching/Learning,Faculty,Overall learning environment,Yes,Yes,
1/26/2016 17:13,Female,Arts,B.A. in English,2nd Year,,Bangla Medium,4.75,4.1,Yes,Saifurs,It prepared me better for the exam,2.84,3.05,3.1,3.09,,,,,,,,,0.0,Lecture & Discussion,5.0,5.0,5.0,5.0,5.0,4.0,4.0,5.0,5.0,5.0,5.0,5.0,5.0,4.0,5.0,4.0,5.0,5.0,5.0,5.0,5.0,5.0,5.0,5.0,5.0,5.0,5.0,5.0,5.0,5.0,5.0,5.0,5.0,5.0,5.0,5.0,5.0,5.0,5.0,5.0,5.0,5.0,5.0,5.0,5.0,5.0,5.0,4.0,4.0,5.0,5.0,Teaching/Learning,Faculty,Resources,Yes,Yes,
1/26/2016 17:14,Female,Arts,B.A. in English,2nd Year,,Bangla Medium,4.69,4.4,No,,,2.73,3.07,3.18,3.2,,,,,,,,,0.0,"Lecture,Discussion & Practical Lab",5.0,5.0,4.0,5.0,5.0,5.0,4.0,4.0,5.0,5.0,4.0,4.0,5.0,4.0,5.0,5.0,4.0,5.0,4.0,4.0,5.0,5.0,4.0,5.0,4.0,4.0,5.0,4.0,5.0,4.0,4.0,4.0,4.0,4.0,5.0,5.0,5.0,5.0,4.0,4.0,5.0,5.0,5.0,4.0,5.0,4.0,5.0,4.0,,5.0,5.0,Teaching/Learning,Faculty,Resources,Yes,Yes,
1/27/2016 12:13,Female,Arts,B.A. in English,4th Year,,Bangla Medium,4.0,4.0,No,,,3.66,3.52,3.65,3.69,3.69,3.68,3.69,3.67,3.65,3.64,3.62,,0.0,Lecture & Discussion,4.0,5.0,5.0,3.0,4.0,5.0,5.0,5.0,4.0,5.0,5.0,5.0,5.0,5.0,5.0,5.0,3.0,5.0,5.0,5.0,5.0,5.0,5.0,5.0,5.0,5.0,4.0,4.0,4.0,5.0,5.0,5.0,5.0,5.0,5.0,3.0,3.0,4.0,4.0,4.0,4.0,3.0,2.0,3.0,3.0,5.0,5.0,3.0,3.0,4.0,3.0,Faculty,Teaching/Learning,Overall learning environment,Yes,Yes,
1/27/2016 12:13,Male,Arts,B.A. in English,4th Year,,Bangla Medium,4.69,3.8,Yes,Modick ,It prepared me better for the exam,3.05,3.2,3.26,3.24,3.28,3.3,3.32,3.33,3.36,3.37,3.37,3.39,0.0,Lecture & Discussion,4.0,5.0,4.0,5.0,5.0,4.0,4.0,5.0,4.0,4.0,4.0,5.0,5.0,4.0,4.0,3.0,4.0,4.0,4.0,3.0,3.0,4.0,5.0,4.0,3.0,4.0,2.0,,4.0,2.0,3.0,3.0,2.0,4.0,3.0,4.0,5.0,5.0,4.0,4.0,3.0,4.0,4.0,3.0,4.0,4.0,3.0,2.0,3.0,4.0,3.0,,,Resources,Yes,,
1/27/2016 12:15,Male,Arts,B.A. in English,4th Year,,Bangla Medium,3.13,3.8,No,,,2.57,2.64,2.7,2.7,2.64,2.67,2.68,2.62,2.59,2.5,2.48,2.53,0.0,Lecture & Discussion,4.0,4.0,4.0,5.0,4.0,4.0,2.0,4.0,4.0,4.0,4.0,5.0,4.0,3.0,4.0,5.0,4.0,4.0,3.0,4.0,5.0,5.0,4.0,4.0,5.0,4.0,3.0,3.0,5.0,3.0,3.0,4.0,3.0,5.0,5.0,3.0,4.0,4.0,4.0,,3.0,4.0,4.0,4.0,4.0,5.0,4.0,3.0,3.0,4.0,5.0,Faculty,Resources,"Faculty, Teaching/Learning",Yes,Yes,
1/27/2016 12:17,Male,Arts,B.A. in English,4th Year,,English Medium,3.5,3.0,Yes,Tasveer Academy,It prepared me better for the exam,3.41,3.4,3.46,3.49,3.49,3.52,3.46,3.48,3.48,3.48,3.48,,0.0,,4.0,4.0,5.0,5.0,5.0,4.0,4.0,4.0,5.0,4.0,5.0,5.0,4.0,5.0,5.0,4.0,5.0,4.0,5.0,4.0,5.0,5.0,5.0,3.0,5.0,5.0,5.0,4.0,4.0,4.0,1.0,2.0,1.0,2.0,4.0,4.0,2.0,3.0,2.0,3.0,3.0,3.0,4.0,4.0,2.0,3.0,3.0,4.0,3.0,4.0,,Teaching/Learning,Faculty,Overall learning environment,Yes,Yes,
1/27/2016 14:44,Female,Arts,B.A. in English,3rd Year,,Bangla Medium,5.0,5.0,No,,,3.36,3.26,3.15,3.1,3.05,3.04,2.98,,,,,,0.0,Lecture & Discussion,5.0,4.0,5.0,4.0,5.0,5.0,4.0,5.0,5.0,5.0,4.0,5.0,5.0,5.0,5.0,4.0,5.0,5.0,5.0,4.0,5.0,5.0,5.0,5.0,5.0,5.0,4.0,5.0,5.0,4.0,5.0,4.0,2.0,5.0,5.0,5.0,5.0,5.0,4.0,4.0,4.0,5.0,5.0,4.0,5.0,5.0,4.0,3.0,3.0,4.0,5.0,Faculty,Faculty,Other,Yes,Yes,
1/27/2016 14:46,Female,Arts,B.A. in English,3rd Year,,Bangla Medium,2.8,4.0,No,,,3.11,3.08,3.04,3.07,3.08,3.07,3.04,,,,,,0.0,Lecture & Discussion,5.0,5.0,5.0,5.0,5.0,5.0,5.0,5.0,4.0,5.0,5.0,5.0,5.0,5.0,5.0,5.0,5.0,4.0,5.0,5.0,4.0,5.0,5.0,4.0,5.0,5.0,5.0,4.0,5.0,5.0,5.0,5.0,3.0,5.0,5.0,5.0,5.0,5.0,5.0,5.0,5.0,5.0,5.0,4.0,4.0,5.0,3.0,2.0,4.0,4.0,3.0,Teaching/Learning,Faculty,Resources,Yes,Yes,
1/27/2016 14:53,Male,Arts,B.A. in English,3rd Year,,Bangla Medium,4.5,4.5,No,,,3.36,3.26,3.15,3.1,3.05,3.04,2.98,,,,,,0.0,"Lecture,Discussion & Practical Lab",5.0,5.0,5.0,4.0,5.0,4.0,5.0,4.0,4.0,5.0,5.0,4.0,5.0,5.0,5.0,4.0,5.0,5.0,5.0,4.0,4.0,5.0,5.0,4.0,5.0,5.0,5.0,4.0,4.0,4.0,3.0,5.0,1.0,4.0,5.0,5.0,4.0,4.0,5.0,4.0,4.0,5.0,4.0,3.0,4.0,4.0,4.0,3.0,4.0,4.0,2.0,Faculty,Overall learning environment,Resources,Yes,Yes,
1/29/2016 16:35,Female,Arts,M. A. in ELT (1.4 Year),,1st Year,Bangla Medium,4.88,4.73,Yes,saifurs,It increased my desire to learn,3.5,3.54,,,,,,,,,,,0.0,"Lecture,Discussion & Practical Lab",5.0,4.0,5.0,5.0,5.0,4.0,5.0,4.0,3.0,4.0,5.0,5.0,5.0,4.0,5.0,5.0,5.0,4.0,5.0,5.0,4.0,5.0,5.0,3.0,5.0,4.0,5.0,4.0,5.0,4.0,5.0,5.0,4.0,5.0,5.0,4.0,3.0,2.0,5.0,2.0,5.0,5.0,4.0,5.0,4.0,5.0,3.0,4.0,,3.0,4.0,Teaching/Learning,Teaching/Learning,Teaching/Learning,Yes,Yes,
1/29/2016 16:40,Male,Arts,M. A. in ELT (1.4 Year),,1st Year,Bangla Medium,5.0,5.0,No,,,3.12,,,,,,,,,,,,0.0,Lecture & Discussion,4.0,4.0,4.0,4.0,5.0,4.0,4.0,5.0,4.0,4.0,4.0,4.0,4.0,4.0,5.0,5.0,5.0,5.0,4.0,4.0,4.0,4.0,4.0,5.0,4.0,4.0,4.0,4.0,4.0,4.0,4.0,4.0,4.0,4.0,4.0,4.0,4.0,4.0,4.0,4.0,4.0,4.0,4.0,4.0,4.0,5.0,3.0,2.0,3.0,3.0,3.0,Teaching/Learning,Overall learning environment,"Faculty, Resources, Teaching/Learning",,No,
1/29/2016 16:40,Male,Arts,M. A. in ELT (2Year),,1st Year,Bangla Medium,3.38,3.5,No,,,3.38,3.21,,,,,,,,,,,0.0,Lecture & Discussion,4.0,5.0,3.0,5.0,5.0,4.0,4.0,4.0,5.0,4.0,4.0,4.0,5.0,5.0,5.0,5.0,1.0,4.0,5.0,4.0,3.0,5.0,5.0,4.0,5.0,5.0,5.0,4.0,4.0,4.0,4.0,4.0,4.0,4.0,4.0,4.0,3.0,3.0,3.0,4.0,3.0,3.0,3.0,4.0,3.0,5.0,5.0,4.0,4.0,3.0,3.0,Teaching/Learning,Teaching/Learning,Overall learning environment,,,
1/29/2016 16:40,Female,Arts,M. A. in ELT (2Year),,1st Year,Bangla Medium,1.0,1.0,No,,,0.0,2.3,2.53,,,,,,,,,,0.0,Lecture & Discussion,4.0,4.0,4.0,4.0,4.0,4.0,4.0,4.0,4.0,4.0,4.0,4.0,4.0,4.0,4.0,4.0,4.0,4.0,4.0,,4.0,4.0,4.0,5.0,5.0,4.0,4.0,4.0,4.0,4.0,2.0,4.0,3.0,4.0,4.0,4.0,4.0,5.0,,5.0,5.0,5.0,4.0,4.0,4.0,5.0,5.0,4.0,4.0,5.0,5.0,Teaching/Learning,Teaching/Learning,Teaching/Learning,Yes,Yes,
1/29/2016 16:43,Female,Arts,M. A. in ELT (1.4 Year),,1st Year,Bangla Medium,4.06,4.3,Yes,Saifurs,"It prepared me better for the exam, It improved my understanding of subject matter, It increased my desire to learn, It allow me to make good friends",3.13,3.11,,,,,,,,,,,0.0,Lecture & Discussion,5.0,5.0,4.0,5.0,4.0,5.0,4.0,5.0,5.0,5.0,5.0,5.0,5.0,4.0,5.0,5.0,5.0,5.0,5.0,5.0,5.0,5.0,5.0,5.0,4.0,4.0,5.0,4.0,5.0,5.0,4.0,4.0,4.0,4.0,5.0,4.0,4.0,,5.0,5.0,5.0,4.0,5.0,4.0,4.0,5.0,4.0,3.0,3.0,4.0,3.0,Teaching/Learning,Faculty,"Resources, Overall learning environment",,,
1/29/2016 16:43,Male,Arts,M. A. in ELT (1.4 Year),,1st Year,Bangla Medium,4.25,3.6,Yes,"E.HAQUE COACHING CENTER. WARI, DHAKA - 1203",It prepared me better for the exam,3.13,3.18,,,,,,,,,,,0.0,Lecture & Discussion,5.0,5.0,5.0,5.0,5.0,5.0,5.0,5.0,4.0,4.0,4.0,4.0,5.0,5.0,5.0,5.0,5.0,5.0,5.0,5.0,5.0,5.0,5.0,5.0,5.0,5.0,5.0,4.0,5.0,5.0,5.0,5.0,5.0,5.0,5.0,5.0,5.0,5.0,5.0,5.0,5.0,4.0,4.0,4.0,4.0,5.0,5.0,4.0,4.0,5.0,5.0,Teaching/Learning,Teaching/Learning,Faculty,Yes,Yes,
1/29/2016 16:44,Female,Arts,M. A. in ELT (1.4 Year),,1st Year,Bangla Medium,4.31,4.1,Yes,Bright coaching center,"It prepared me better for the exam, It improved my understanding of subject matter, It increased my desire to learn",2.63,2.78,,,,,,,,,,,0.0,"Lecture,Discussion & Practical Lab",5.0,5.0,5.0,5.0,5.0,5.0,5.0,5.0,4.0,5.0,5.0,5.0,5.0,4.0,4.0,5.0,5.0,5.0,4.0,5.0,5.0,4.0,4.0,5.0,5.0,5.0,5.0,5.0,5.0,,5.0,5.0,5.0,5.0,2.0,5.0,3.0,2.0,1.0,2.0,1.0,2.0,1.0,2.0,1.0,4.0,3.0,3.0,2.0,4.0,2.0,Faculty,Resources,Faculty,Yes,No,
1/29/2016 16:50,Female,Arts,M. A. in ELT (1.4 Year),,1st Year,Bangla Medium,5.0,5.0,No,,,3.75,,,,,,,,,,,,0.0,Lecture & Discussion,5.0,5.0,5.0,5.0,5.0,5.0,5.0,5.0,2.0,4.0,2.0,5.0,5.0,5.0,5.0,5.0,4.0,5.0,5.0,5.0,4.0,5.0,5.0,4.0,5.0,5.0,5.0,,4.0,4.0,,4.0,4.0,,5.0,,,5.0,,,,3.0,3.0,3.0,3.0,5.0,5.0,4.0,4.0,4.0,3.0,Teaching/Learning,Faculty,Overall learning environment,,,
1/29/2016 16:50,Female,Arts,M. A. in ELT (1.4 Year),,1st Year,Bangla Medium,5.0,5.0,No,,,3.5,,,,,,,,,,,,0.0,Lecture & Discussion,5.0,5.0,5.0,5.0,5.0,5.0,5.0,5.0,3.0,4.0,3.0,5.0,5.0,5.0,5.0,4.0,4.0,5.0,5.0,5.0,4.0,5.0,5.0,4.0,5.0,5.0,4.0,,4.0,4.0,4.0,4.0,4.0,4.0,4.0,4.0,,5.0,,,,3.0,3.0,3.0,3.0,,5.0,4.0,4.0,4.0,3.0,Teaching/Learning,Faculty,Overall learning environment,,,
1/29/2016 16:54,Female,Arts,M. A. in ELT (1.4 Year),,1st Year,Bangla Medium,3.94,3.9,Yes,Focus,It prepared me better for the exam,3.25,3.25,,,,,,,,,,,0.0,"Lecture,Discussion & Practical Lab",5.0,4.0,4.0,5.0,5.0,4.0,4.0,4.0,3.0,4.0,5.0,4.0,5.0,4.0,4.0,5.0,4.0,4.0,3.0,4.0,3.0,4.0,5.0,4.0,5.0,5.0,4.0,4.0,4.0,4.0,3.0,3.0,3.0,3.0,4.0,4.0,3.0,4.0,4.0,4.0,3.0,5.0,4.0,4.0,3.0,4.0,5.0,3.0,4.0,4.0,2.0,Other,Teaching/Learning,Faculty,,,
1/29/2016 16:54,Female,Arts,M. A. in ELT (1.4 Year),,1st Year,Bangla Medium,5.0,4.7,No,,,,,,,,,,,,,,,0.0,Lecture & Discussion,5.0,5.0,3.0,3.0,5.0,3.0,4.0,3.0,3.0,3.0,5.0,3.0,5.0,5.0,5.0,4.0,5.0,3.0,3.0,3.0,3.0,5.0,5.0,3.0,4.0,3.0,5.0,3.0,4.0,1.0,3.0,4.0,3.0,5.0,3.0,3.0,2.0,3.0,3.0,4.0,3.0,3.0,3.0,3.0,3.0,4.0,3.0,3.0,3.0,3.0,2.0,Teaching/Learning,Other,Faculty,,,
1/29/2016 16:56,Female,Arts,M. A. in ELT (1.4 Year),,1st Year,Bangla Medium,3.56,3.31,Yes,"HOME TUTOR, Srijon","It prepared me better for the exam, It improved my GPA Score, It improved my understanding of subject matter, It increased my desire to learn",2.69,2.75,,,,,,,,,,,0.0,Lecture & Discussion,4.0,3.0,2.0,4.0,4.0,4.0,3.0,3.0,3.0,3.0,2.0,4.0,4.0,3.0,4.0,3.0,4.0,3.0,3.0,4.0,3.0,4.0,3.0,4.0,3.0,4.0,4.0,3.0,3.0,3.0,4.0,3.0,3.0,4.0,3.0,4.0,3.0,4.0,3.0,4.0,3.0,3.0,4.0,3.0,4.0,3.0,,3.0,3.0,,4.0,Resources,Faculty,Teaching/Learning,Yes,Yes,
1/29/2016 16:59,Female,Arts,M. A. in ELT (2Year),,2nd Year,Bangla Medium,3.44,3.6,Yes,uni aid,It prepared me better for the exam,3.63,3.38,3.36,3.38,,,,,,,,,0.0,Lecture & Discussion,4.0,3.0,4.0,4.0,4.0,3.0,4.0,4.0,4.0,4.0,,3.0,4.0,4.0,4.0,4.0,3.0,3.0,4.0,4.0,4.0,4.0,4.0,4.0,4.0,4.0,4.0,1.0,3.0,3.0,4.0,4.0,3.0,4.0,4.0,3.0,4.0,,3.0,4.0,4.0,3.0,3.0,3.0,3.0,4.0,3.0,3.0,3.0,3.0,2.0,Teaching/Learning,Overall learning environment,"Faculty, Resources",,,
1/29/2016 17:01,Female,Arts,M. A. in ELT (1.4 Year),,1st Year,Bangla Medium,4.13,3.4,No,,,3.44,3.43,,,,,,,,,,,0.0,Lecture & Discussion,4.0,2.0,4.0,3.0,5.0,2.0,3.0,4.0,4.0,4.0,3.0,4.0,4.0,4.0,5.0,4.0,5.0,4.0,4.0,4.0,2.0,4.0,4.0,2.0,3.0,4.0,4.0,4.0,4.0,2.0,3.0,2.0,1.0,2.0,4.0,3.0,2.0,4.0,3.0,4.0,4.0,2.0,4.0,4.0,3.0,3.0,4.0,2.0,3.0,2.0,3.0,Teaching/Learning,Faculty,Overall learning environment,No,No,
1/29/2016 17:03,Female,Arts,M. A. in ELT (1.4 Year),,1st Year,Bangla Medium,5.0,4.8,Yes,Omega coaching Center,It improved my understanding of subject matter,3.5,3.61,,,,,,,,,,,0.0,Lecture based,4.0,3.0,3.0,4.0,5.0,3.0,3.0,4.0,5.0,4.0,3.0,2.0,4.0,4.0,4.0,4.0,5.0,3.0,4.0,3.0,4.0,5.0,5.0,2.0,5.0,4.0,5.0,4.0,4.0,5.0,4.0,4.0,1.0,4.0,3.0,4.0,5.0,3.0,4.0,4.0,4.0,3.0,3.0,3.0,3.0,4.0,3.0,2.0,3.0,4.0,2.0,Other,Overall learning environment,Teaching/Learning,No,No,
1/29/2016 17:05,Female,Arts,M. A. in ELT (1.4 Year),,1st Year,Bangla Medium,3.69,3.7,Yes,Adhayan Coaching Center,It prepared me better for the exam,3.25,2.36,2.83,3.5,3.33,3.45,3.45,3.5,3.44,3.5,3.56,3.56,0.0,Lecture & Discussion,4.0,4.0,5.0,5.0,5.0,4.0,3.0,4.0,4.0,4.0,4.0,5.0,4.0,5.0,4.0,5.0,5.0,1.0,5.0,5.0,4.0,5.0,5.0,1.0,3.0,4.0,4.0,2.0,4.0,5.0,3.0,5.0,3.0,3.0,5.0,3.0,4.0,5.0,3.0,5.0,4.0,4.0,3.0,3.0,4.0,5.0,4.0,3.0,3.0,4.0,3.0,Faculty,Resources,Overall learning environment,No,Yes,
1/31/2016 15:27,Male,Arts,M.A. in English,,1st Year,Bangla Medium,3.38,2.6,No,,,3.69,3.44,,,,,,,,,,,0.0,Lecture & Discussion,4.0,4.0,3.0,4.0,1.0,1.0,4.0,4.0,4.0,4.0,4.0,4.0,4.0,5.0,5.0,4.0,5.0,4.0,4.0,5.0,3.0,5.0,4.0,1.0,1.0,4.0,4.0,4.0,1.0,1.0,1.0,1.0,1.0,1.0,4.0,4.0,4.0,4.0,1.0,1.0,3.0,1.0,1.0,2.0,2.0,5.0,3.0,1.0,1.0,2.0,5.0,Faculty,Faculty,"Faculty, Resources, Teaching/Learning, Overall learning environment, Other",,,
1/31/2016 15:32,,Arts,M.A. in English,,1st Year,Madrasa,5.0,4.92,Yes,Focus University admission test coaching centre,It increased my desire to learn,3.44,3.28,,,,,,,,,,,0.0,Lecture & Discussion,4.0,5.0,4.0,4.0,2.0,2.0,4.0,4.0,2.0,4.0,2.0,4.0,4.0,4.0,4.0,2.0,4.0,4.0,2.0,2.0,2.0,4.0,2.0,2.0,2.0,4.0,5.0,4.0,1.0,1.0,4.0,4.0,1.0,5.0,2.0,2.0,4.0,4.0,4.0,5.0,2.0,2.0,2.0,4.0,4.0,4.0,4.0,2.0,2.0,4.0,4.0,Faculty,Teaching/Learning,Overall learning environment,,,
2/24/2016 13:36,Female,Arts,B.A. in English,2nd Year,,Bangla Medium,4.69,4.9,Yes,ucc coaching center,"It prepared me better for the exam, It improved my GPA Score, It improved my understanding of subject matter, It increased my desire to learn, It allow me to make good friends",2.77,2.98,2.96,2.98,,,,,,,,,0.0,"Lecture,Discussion & Practical Lab",5.0,5.0,5.0,5.0,5.0,5.0,5.0,5.0,5.0,5.0,5.0,5.0,5.0,5.0,5.0,5.0,5.0,5.0,5.0,5.0,5.0,5.0,5.0,5.0,5.0,5.0,5.0,5.0,5.0,5.0,5.0,5.0,5.0,5.0,5.0,5.0,5.0,5.0,5.0,5.0,5.0,5.0,5.0,5.0,4.0,,5.0,4.0,4.0,5.0,5.0,Teaching/Learning,Teaching/Learning,Teaching/Learning,Yes,Yes,
2/24/2016 13:43,Female,Arts,B.A. in English,2nd Year,,Bangla Medium,4.5,4.4,Yes,Prottoy,"It prepared me better for the exam, It improved my GPA Score, It improved my understanding of subject matter, It increased my desire to learn",2.91,3.07,3.13,3.14,,,,,,,,,0.0,"Lecture,Discussion & Practical Lab",4.0,5.0,5.0,5.0,5.0,4.0,5.0,5.0,5.0,4.0,5.0,5.0,5.0,2.0,5.0,5.0,2.0,4.0,5.0,5.0,5.0,5.0,5.0,5.0,5.0,4.0,5.0,5.0,4.0,5.0,5.0,4.0,4.0,5.0,5.0,5.0,4.0,4.0,5.0,5.0,4.0,4.0,4.0,4.0,4.0,5.0,5.0,4.0,4.0,4.0,2.0,Teaching/Learning,Overall learning environment,Overall learning environment,No,No,
2/24/2016 13:48,Female,Arts,B.A. in English,2nd Year,,Madrasa,5.0,5.0,No,,,2.68,2.67,2.81,,,,,,,,,,0.0,"Lecture,Discussion & Practical Lab",5.0,5.0,5.0,5.0,5.0,5.0,5.0,5.0,5.0,5.0,5.0,5.0,5.0,5.0,5.0,5.0,5.0,5.0,5.0,5.0,5.0,5.0,5.0,5.0,5.0,5.0,5.0,5.0,5.0,3.0,5.0,5.0,3.0,2.0,5.0,5.0,5.0,5.0,5.0,5.0,4.0,5.0,5.0,5.0,5.0,5.0,5.0,4.0,4.0,5.0,5.0,Teaching/Learning,Teaching/Learning,Teaching/Learning,Yes,Yes,
2/24/2016 13:49,Male,Arts,B.A. in English,2nd Year,,Bangla Medium,4.94,4.6,Yes,UNIAID,It improved my understanding of subject matter,2.84,2.84,2.92,2.96,,,,,,,,,0.0,"Lecture,Discussion & Practical Lab",4.0,5.0,5.0,5.0,5.0,5.0,5.0,4.0,4.0,4.0,5.0,5.0,5.0,2.0,4.0,4.0,5.0,4.0,5.0,4.0,4.0,5.0,5.0,5.0,5.0,5.0,4.0,4.0,4.0,4.0,4.0,2.0,2.0,4.0,5.0,5.0,5.0,5.0,5.0,5.0,5.0,5.0,3.0,4.0,5.0,5.0,4.0,3.0,4.0,4.0,5.0,Faculty,Teaching/Learning,Resources,Yes,No,
2/24/2016 13:50,Female,Arts,B.A. in English,2nd Year,,Bangla Medium,4.81,5.0,No,,,3.2,3.36,3.32,3.32,,,,,,,,,0.0,"Lecture,Discussion & Practical Lab",5.0,5.0,5.0,5.0,5.0,5.0,5.0,5.0,4.0,4.0,5.0,5.0,5.0,2.0,4.0,4.0,5.0,4.0,5.0,4.0,4.0,5.0,5.0,5.0,5.0,5.0,5.0,4.0,4.0,4.0,5.0,2.0,1.0,5.0,5.0,5.0,3.0,4.0,4.0,5.0,5.0,5.0,5.0,5.0,5.0,5.0,5.0,4.0,4.0,5.0,5.0,Faculty,Teaching/Learning,Other,Yes,Yes,
2/24/2016 14:03,Female,Arts,B.A. in English,2nd Year,,Bangla Medium,5.0,5.0,Yes,UCC,It improved my understanding of subject matter,3.77,3.82,3.86,3.85,,,,,,,,,0.0,"Lecture,Discussion & Practical Lab",5.0,5.0,5.0,5.0,5.0,5.0,5.0,5.0,4.0,5.0,5.0,5.0,5.0,2.0,5.0,5.0,5.0,5.0,5.0,4.0,5.0,5.0,5.0,5.0,5.0,5.0,5.0,2.0,4.0,2.0,4.0,2.0,3.0,5.0,5.0,5.0,5.0,5.0,5.0,5.0,4.0,5.0,4.0,4.0,5.0,4.0,5.0,4.0,4.0,3.0,2.0,Faculty,Teaching/Learning,Other,Yes,No,
3/22/2016 12:45,Female,Arts,B.A. in English,2nd Year,,Bangla Medium,4.63,4.2,Yes,sabbir coaching center,It prepared me better for the exam,3.43,3.59,3.5,3.48,3.51,3.53,,,,,,,0.0,Lecture & Discussion,4.0,4.0,3.0,4.0,3.0,4.0,2.0,2.0,3.0,2.0,4.0,4.0,5.0,4.0,4.0,4.0,5.0,5.0,4.0,4.0,4.0,5.0,5.0,5.0,4.0,4.0,4.0,4.0,4.0,4.0,4.0,4.0,4.0,3.0,5.0,4.0,4.0,5.0,5.0,4.0,4.0,4.0,4.0,5.0,5.0,5.0,5.0,4.0,3.0,5.0,5.0,Teaching/Learning,Overall learning environment,Other,Yes,Yes,
3/22/2016 12:45,Female,Arts,B.A. in English,2nd Year,,Bangla Medium,5.0,5.0,Yes,UCC,It increased my desire to learn,3.18,3.42,3.33,3.36,3.31,3.34,,,,,,,0.0,Lecture & Discussion,5.0,4.0,5.0,4.0,5.0,4.0,5.0,4.0,5.0,4.0,4.0,5.0,4.0,5.0,4.0,5.0,4.0,4.0,5.0,4.0,5.0,4.0,5.0,4.0,5.0,4.0,4.0,5.0,4.0,5.0,4.0,5.0,4.0,5.0,4.0,5.0,4.0,5.0,4.0,5.0,4.0,5.0,4.0,5.0,4.0,5.0,5.0,4.0,3.0,3.0,2.0,Teaching/Learning,Faculty,Faculty,Yes,Yes,
3/22/2016 12:54,Male,Arts,B.A. in English,2nd Year,,English Medium,4.15,4.5,Yes,DLV,It allow me to make good friends,3.43,3.4,3.08,3.07,2.92,2.89,,,,,,,0.0,Lecture & Discussion,5.0,4.0,5.0,4.0,5.0,4.0,5.0,4.0,4.0,5.0,4.0,5.0,4.0,3.0,4.0,3.0,4.0,5.0,4.0,4.0,5.0,4.0,5.0,5.0,4.0,5.0,4.0,5.0,4.0,5.0,4.0,5.0,4.0,5.0,4.0,5.0,3.0,4.0,3.0,4.0,4.0,4.0,4.0,3.0,5.0,5.0,3.0,3.0,3.0,3.0,2.0,Teaching/Learning,Faculty,Faculty,Yes,Yes,
3/22/2016 12:55,Female,Arts,B.A. in English,2nd Year,,Bangla Medium,4.63,4.0,Yes,E Hoq Coching center,It prepared me better for the exam,2.7,2.88,2.92,3.01,2.94,2.99,,,,,,,0.0,"Lecture,Discussion & Practical Lab",4.0,5.0,1.0,1.0,4.0,1.0,1.0,3.0,4.0,4.0,4.0,4.0,4.0,4.0,1.0,3.0,1.0,2.0,4.0,4.0,4.0,3.0,3.0,3.0,4.0,3.0,2.0,3.0,1.0,1.0,1.0,1.0,3.0,3.0,4.0,3.0,4.0,4.0,3.0,3.0,4.0,3.0,4.0,3.0,3.0,5.0,5.0,2.0,4.0,3.0,5.0,Faculty,Faculty,"Faculty, Teaching/Learning, Overall learning environment",,No,
3/22/2016 14:02,Female,Arts,B.A. in English,3rd Year,,Bangla Medium,5.0,5.0,No,,,3.5,3.63,3.69,3.74,3.75,3.74,,,,,,,0.0,Lecture & Discussion,5.0,5.0,5.0,5.0,5.0,5.0,5.0,5.0,1.0,4.0,4.0,4.0,5.0,5.0,5.0,5.0,5.0,5.0,5.0,5.0,5.0,5.0,5.0,5.0,5.0,5.0,5.0,5.0,,5.0,5.0,5.0,5.0,5.0,5.0,5.0,5.0,5.0,5.0,5.0,5.0,5.0,5.0,5.0,5.0,5.0,5.0,4.0,4.0,5.0,5.0,Faculty,Faculty,Overall learning environment,Yes,Yes,
3/22/2016 14:02,Female,Arts,B.A. in English,3rd Year,,Bangla Medium,4.56,3.9,No,,,3.27,3.34,3.2,3.14,3.1,3.06,3.01,,,,,,0.0,Lecture based,4.0,4.0,5.0,5.0,4.0,5.0,4.0,2.0,4.0,5.0,4.0,5.0,5.0,1.0,3.0,2.0,4.0,5.0,,4.0,3.0,3.0,3.0,5.0,2.0,1.0,4.0,5.0,2.0,4.0,5.0,5.0,4.0,5.0,5.0,1.0,1.0,1.0,1.0,2.0,3.0,5.0,5.0,4.0,4.0,5.0,5.0,3.0,4.0,4.0,4.0,Teaching/Learning,,Faculty,Yes,Yes,
3/22/2016 14:03,Female,Arts,B.A. in English,3rd Year,,Bangla Medium,3.81,4.6,No,,,3.11,3.27,3.33,3.38,3.45,3.51,3.52,,,,,,0.0,Lecture & Discussion,4.0,4.0,4.0,4.0,4.0,2.0,2.0,2.0,2.0,4.0,4.0,4.0,4.0,4.0,4.0,2.0,4.0,2.0,4.0,2.0,4.0,4.0,4.0,2.0,4.0,2.0,4.0,2.0,1.0,1.0,1.0,2.0,1.0,4.0,1.0,2.0,2.0,2.0,3.0,3.0,2.0,2.0,2.0,2.0,2.0,5.0,3.0,3.0,3.0,3.0,3.0,Teaching/Learning,Teaching/Learning,Teaching/Learning,Yes,Yes,
3/22/2016 14:06,Female,Arts,B.A. in English,2nd Year,,Bangla Medium,4.31,4.11,Yes,E haque Coaching center,"It prepared me better for the exam, It improved my understanding of subject matter",3.18,3.14,3.07,3.14,3.17,3.14,3.11,,,,,,0.0,Lecture & Discussion,5.0,5.0,5.0,5.0,5.0,5.0,5.0,5.0,5.0,5.0,5.0,5.0,5.0,5.0,5.0,5.0,5.0,5.0,5.0,5.0,5.0,5.0,5.0,5.0,5.0,5.0,5.0,5.0,5.0,5.0,5.0,5.0,5.0,5.0,5.0,5.0,5.0,5.0,5.0,5.0,5.0,5.0,5.0,5.0,5.0,5.0,5.0,4.0,4.0,5.0,5.0,Teaching/Learning,Faculty,Other,Yes,Yes,
3/22/2016 14:10,Female,Arts,B.A. in English,3rd Year,,Bangla Medium,4.31,4.8,Yes,"saifurs,coaching center",It prepared me better for the exam,2.41,2.5,2.01,2.45,2.49,2.56,2.54,,,,,,0.0,"Lecture,Discussion & Practical Lab",5.0,5.0,5.0,5.0,5.0,5.0,5.0,5.0,5.0,5.0,5.0,5.0,5.0,5.0,5.0,5.0,5.0,5.0,5.0,5.0,5.0,5.0,5.0,5.0,5.0,5.0,5.0,5.0,5.0,5.0,5.0,5.0,5.0,5.0,5.0,5.0,5.0,5.0,5.0,5.0,5.0,5.0,5.0,5.0,5.0,5.0,2.0,4.0,,4.0,2.0,Faculty,Teaching/Learning,Overall learning environment,No,Yes,
3/22/2016 15:42,Female,Arts,B.A. in English,3rd Year,,Bangla Medium,4.19,3.89,Yes,ucc,"It prepared me better for the exam, It improved my GPA Score, It improved my understanding of subject matter, It increased my desire to learn, It allow me to make good friends",3.16,3.2,2.89,2.91,2.93,2.97,3.06,,,,,,0.0,"Lecture,Discussion & Practical Lab",5.0,5.0,5.0,5.0,5.0,5.0,5.0,5.0,5.0,5.0,5.0,5.0,5.0,5.0,5.0,5.0,5.0,5.0,5.0,5.0,5.0,5.0,5.0,5.0,5.0,5.0,5.0,5.0,5.0,5.0,5.0,5.0,5.0,5.0,5.0,5.0,5.0,5.0,5.0,5.0,5.0,5.0,5.0,5.0,5.0,5.0,2.0,4.0,4.0,4.0,2.0,Faculty,Teaching/Learning,Teaching/Learning,No,Yes,
3/22/2016 15:43,Female,Arts,B.A. in English,3rd Year,,Bangla Medium,4.94,4.7,No,,,2.93,3.0,3.0,3.02,3.06,3.07,3.03,,,,,,0.0,Lecture & Discussion,5.0,4.0,4.0,5.0,4.0,4.0,5.0,4.0,4.0,4.0,4.0,5.0,5.0,5.0,5.0,5.0,5.0,4.0,4.0,4.0,5.0,5.0,4.0,,,,5.0,5.0,4.0,4.0,4.0,5.0,5.0,5.0,5.0,5.0,4.0,4.0,4.0,5.0,5.0,4.0,5.0,5.0,4.0,5.0,4.0,4.0,4.0,4.0,5.0,Teaching/Learning,Overall learning environment,Overall learning environment,Yes,Yes,
3/28/2016 14:01,Male,Arts,B.A. in English,1st Year,,Madrasa,5.0,5.0,No,,,3.34,3.49,,,,,,,,,,,0.0,Lecture & Discussion,4.0,5.0,4.0,3.0,5.0,3.0,2.0,1.0,4.0,3.0,4.0,3.0,3.0,2.0,4.0,,4.0,4.0,4.0,3.0,3.0,5.0,4.0,5.0,3.0,2.0,3.0,3.0,4.0,4.0,4.0,4.0,3.0,3.0,3.0,4.0,3.0,4.0,3.0,2.0,3.0,4.0,4.0,3.0,3.0,4.0,3.0,2.0,3.0,3.0,2.0,Faculty,Overall learning environment,Overall learning environment,,,
3/29/2016 13:39,Female,Arts,B.A. in English,1st Year,,Bangla Medium,4.65,4.4,Yes,LB Coaching center,"It prepared me better for the exam, It increased my desire to learn, It allow me to make good friends",3.0,3.25,,,,,,,,,,,0.0,"Lecture,Discussion & Practical Lab",3.0,4.0,4.0,5.0,5.0,4.0,3.0,4.0,4.0,5.0,5.0,4.0,5.0,5.0,5.0,4.0,4.0,4.0,4.0,3.0,4.0,5.0,5.0,4.0,4.0,4.0,5.0,5.0,5.0,5.0,4.0,4.0,5.0,4.0,4.0,3.0,3.0,4.0,4.0,4.0,4.0,3.0,3.0,4.0,4.0,4.0,3.0,2.0,3.0,3.0,5.0,Faculty,Resources,Overall learning environment,Yes,Yes,
